C,Gamma,Accuracy,Macro Precision,Macro Recall,Macro F1,Weighted F1,Risky Recall,Risky F1,Training Time (seconds),Validation Prediction Time (seconds)
10.0,0.1,0.8465185185185186,0.8430288906315256,0.8369283215083433,0.8397105574693153,0.8460089193381676,0.8231939163498099,0.830695443645084,71.56538089970127,12.401624099817127
10.0,0.01,0.8183703703703704,0.8218293020632769,0.8016314069694004,0.8086664067107087,0.8165559447826863,0.8193916349809885,0.8078725398313027,70.40223310003057,13.3870520000346
1.0,0.1,0.8133333333333334,0.8188236893229913,0.794624696056589,0.8026004511920005,0.8109661985380294,0.8184410646387833,0.8084507042253521,72.14201990002766,13.620489499997348
10.0,0.001,0.5297777777777778,0.7755459076104212,0.44438042384200727,0.40574602572039425,0.446920668958724,0.22813688212927757,0.3617181612660136,100.22140999976546,18.21716249966994
1.0,0.01,0.5253333333333333,0.7756422036110285,0.4390220839523144,0.39702089978180605,0.43916139206132027,0.217680608365019,0.3488194973343488,96.6312703997828,17.472910299897194
0.1,0.1,0.4746666666666667,0.7885482050124182,0.38067307215757534,0.2965613035880352,0.34745640120626076,0.08935361216730038,0.16277056277056276,108.39427669998258,18.900419000070542
0.1,0.001,0.43377777777777776,0.14459259259259258,0.3333333333333333,0.20169456499276708,0.26247186057725425,0.0,0.0,124.56946039991453,20.860931100323796
1.0,0.001,0.43377777777777776,0.14459259259259258,0.3333333333333333,0.20169456499276708,0.26247186057725425,0.0,0.0,111.81205659965053,17.541892600245774
0.1,0.01,0.43377777777777776,0.14459259259259258,0.3333333333333333,0.20169456499276708,0.26247186057725425,0.0,0.0,135.63516109995544,19.23804759979248
